<?xml version="1.0" encoding="UTF-8"?>
<beans xmlns="http://www.springframework.org/schema/beans"
	   xmlns:xsi="http://www.w3.org/2001/XMLSchema-instance"
	   xmlns:context="http://www.springframework.org/schema/context"
	   xmlns:mvc="http://www.springframework.org/schema/mvc" xmlns:tx="http://www.springframework.org/schema/tx"
	   xmlns:jpa="http://www.springframework.org/schema/data/jpa"
	   xsi:schemaLocation="http://www.springframework.org/schema/mvc
						http://www.springframework.org/schema/mvc/spring-mvc-4.0.xsd
						http://www.springframework.org/schema/beans 
						http://www.springframework.org/schema/beans/spring-beans-4.0.xsd
						http://www.springframework.org/schema/tx 
						http://www.springframework.org/schema/tx/spring-tx-4.0.xsd
						http://www.springframework.org/schema/aop
						http://www.springframework.org/schema/aop/spring-aop-4.0.xsd
	   					http://www.springframework.org/schema/data/jpa
						http://www.springframework.org/schema/data/jpa/spring-jpa.xsd">

	<jpa:repositories base-package="br.com.caelum.ingresso" />

	<context:component-scan base-package="br.com.caelum.ingresso" />
	<mvc:annotation-driven />
	<mvc:default-servlet-handler/>

	<bean class="org.springframework.web.servlet.view.InternalResourceViewResolver">
		<property name="prefix" value="/WEB-INF/views/" />
		<property name="suffix" value=".jsp" />
	</bean>

	<bean id="mysqlDS" class="org.apache.commons.dbcp.BasicDataSource">
		<property name="username" value="root"/>
		<property name="password" value=""/>
		<property name="url" value="jdbc:mysql://localhost/ingresso?createDatabaseIfNotExist=true&amp;useSSL=false"/>
		<property name="driverClassName" value="com.mysql.jdbc.Driver"/>
	</bean>
	
	<bean id="entityManagerFactory" class="org.springframework.orm.jpa.LocalContainerEntityManagerFactoryBean">
		<property name="dataSource" ref="mysqlDS" />
		<property name="jpaVendorAdapter">
			<bean class="org.springframework.orm.jpa.vendor.HibernateJpaVendorAdapter" />
		</property>
	</bean>
	
	<bean id="conversionService" class="org.springframework.format.support.FormattingConversionServiceFactoryBean">
	<property name="converters">
		<set>
			<bean class="br.com.caelum.ingresso.converter.YearMonthConverter"/>
				</set>
			</property>
		</bean>
	<!-- gerenciamento da transação pelo spring -->
	<bean id="transactionManager" class="org.springframework.orm.jpa.JpaTransactionManager">
		<property name="entityManagerFactory" ref="entityManagerFactory"/>
	</bean>  
	
	<tx:annotation-driven/>
	
	<mvc:annotation-driven conversion-service="conversionService"/>

	<bean id="mailSender" class="org.springframework.mail.javamail.JavaMailSenderImpl">
		<property name="host" value="smtp.gmail.com" />
		<property name="port" value="587" />
		<property name="username" value="cursofj22@gmail.com" />
		<property name="password" value="Caelum123" />

		<property name="javaMailProperties">
			<props>
				<prop key="mail.smtp.auth">true</prop>
				<prop key="mail.smtp.starttls.enable">true</prop>
				<prop key="mail.debug">true</prop>
			</props>
		</property>
	</bean>

</beans>
